"""Conserving mental resources can help you prioritize your health. By minimizing demands on your mental resources, you can focus on scheduling a health check-up appointment."""
"""Remember, taking care of your health is important. Conserving mental resources can make it easier for you to schedule a health check-up appointment."""
"""Don't let the busyness of life prevent you from prioritizing your health. Conserving mental resources can help you find the time and energy to schedule a health check-up appointment."""
"""By conserving mental resources, you can reduce stress and make it easier to take care of your health. Schedule a health check-up appointment today!"""
"""Conserving mental resources is all about making things easier for yourself. Take the first step towards better health by scheduling a health check-up appointment."""
"""Your health is worth the effort. Conserving mental resources can help you overcome any barriers and schedule a health check-up appointment."""
"""Don't let procrastination get in the way of your health. Use the technique of conserving mental resources to motivate yourself to schedule a health check-up appointment."""
"""Conserving mental resources can help you overcome any doubts or fears about scheduling a health check-up appointment. Take control of your health today!"""
"""Prioritizing your health is a smart decision. Use the technique of conserving mental resources to make it easier to schedule a health check-up appointment."""
"""By conserving mental resources, you can create a positive mindset towards scheduling a health check-up appointment. Your health is important, so take action now!"""
